,Frequency,Amplitudes,Phase
0,14.166999604234489,0.002034735960059284,1453.1678133183682
1,23.987426603105092,-0.0002278373604625673,1657.686402724276
